URL,Company,Email,LINE,é›»è©±
https://gbf.tw/m2lt8,ã€ç ç©åœ‹éš›æœ‰é™å…¬å¸ã€‘,service@go2buy.tw,LINE ID : @ffw7750y,é›»è©±ï¼š(07)362-6090(09:30-17:30)
https://www.benefeat.com.tw/products/rTG_d/,Â© 2024 å¥”ç›Šç”ŸæŠ€è‚¡ä»½æœ‰é™å…¬å¸ All Right Reserved.,info@benefeat.com.tw,None,å®¢æœé›»è©±ï¼š07-9768882
https://gbf.tw/hmilq,ï½œå®¢æœè³‡è¨Šï½œè¡Œé‚‘æ•´åˆè¡ŒéŠ·æœ‰é™å…¬å¸,actco.crm@gmail.com,Line:@misspoodle (å¸³è™Ÿæœ‰å«@ï¼‰,âœ… å®¢æœé›»è©± : 02-29252915
https://gbf.tw/0xytu,æ–°è© åœ‹éš›è²¿æ˜“æœ‰é™å…¬å¸,service@ladiestea.com.tw,None,é›»è©±ï¼š02-26981398
https://www.books.com.tw/products/0010825918,â—†å‡¡å…§èçƒ˜ç„™å·¥ä½œå®¤å‰µè¾¦äºº- Vanessa,None,None,å®¢æœå°ˆç·šÂ 02-26535588
https://gbf.tw/rkqzk,â™¦é›…å“ä¼æ¥­æœ‰é™å…¬å¸ -å®¢æœä¸­å¿ƒ,yappie.customer@gmail.com,Line@ï¼š@bxl4101v,â™¦é›»è©±ï¼š02-77306216ï¼ˆé€±ä¸€~é€±äº” AM10:00~PM5:00ï¼‰
https://gbf.tw/btihf,âœ… å…¬å¸åç¨± :Â éº»æ¬£ç«¥é£Ÿè¡Œ,maxinbakery1710@gmail.com,None,âœ… å®¢æœé›»è©± :Â 0936757100
https://gbf.tw/gkuma,âœ… å…¬å¸åç¨±: å…¨çƒç²¾å“ä¼æ¥­æœ‰é™å…¬å¸,lilly0922873766@gmail.com,None,âœ… å®¢æœé›»è©±ï¼š02-27925038
https://gbf.tw/qfunr,âœ… å…¬å¸åç¨±ï¼šé’é€¸è‚¡ä»½æœ‰é™å…¬å¸,None,None,None
https://gbf.tw/uvqg5,âœ… å…¬å¸åç¨±ï¼šçš‡è´Šè‚¡ä»½æœ‰é™å…¬å¸,symbolsturgeon@gmail.com,LINE@ï¼š@kingtop (æœå°‹æ™‚è¦åŠ @å”·ï¼),âœ… å®¢æœé›»è©±ï¼š0800-001-321
https://gbf.tw/bycqc,None,None,None,None
https://gbf.tw/iuo3m,âœ… å…¬å¸åç¨±ï¼šæ¸¼æ©‹åœ‹éš›è‚¡ä»½æœ‰é™å…¬å¸,Service@fortune-u.com,None,âœ… å®¢æœé›»è©±ï¼š(02)8911-9193)
https://gbf.tw/lx4ir,âœ… å…¬å¸åç¨±ï¼šè¶svongvongçƒ˜ç„™åŠï¼ˆèŠ­ç‰¹èŠ™èŠå·¥è—åŠï¼‰,None,LINEï¼š@ixo2150e,âœ… å®¢æœé›»è©±ï¼š0989370885
https://gbf.tw/gwk5h,âœ… å…¬å¸åç¨±ï¼šæ©™ä¿æœ‰é™å…¬å¸,service@lovingfamily.com.tw,None,âœ… å®¢æœé›»è©±ï¼š02-87978080
https://gbf.tw/xzo5s,None,cloud@012book.com.tw,LINE@ï¼š@oxl4065wÂ ã€åŠ å…¥é’æ—Line@æœƒå“¡ï¼Œå¥½åº·è³‡è¨Šä¸æ¼æ¥ğŸ˜ã€‘,ğŸ’™ å®¢æœé›»è©±ï¼š(02)8797-2777
https://gbf.tw/jtpd1,âœ…å…¬å¸åç¨±ï¼šè‹±çŸ³é£Ÿå“åŠ,innsfood@gmail.com,LINE: @115dmlce,None
https://gbf.tw/39i6v,âœ…å…¬å¸åç¨±ï¼šé ¡æ™°åœ‹éš›æœ‰é™å…¬å¸,jessietsai0316@gmail.com,None,"âœ…å®¢æœé›»è©±ï¼š0437077157Â Â è«‹æ–¼ä¸Šç­æ™‚é–“æ´½è©¢Â , é€±ä¸€è‡³é€±äº” 10:00-12:00 /Â Â 13:30 - 17:00"
https://gbf.tw/dwnwt,âœ…å•†åº—åç¨±ï¼šäººå› ç§‘æŠ€è‚¡ä»½æœ‰é™å…¬å¸,support@ergotech.com.tw,None,âœ…å®¢æœé›»è©±ï¼š0800-086-580 æˆ–Â (02) 2221-9912
https://gbf.tw/bszwm,âœ…å•†åº—åç¨±ï¼šä¼Šé “åœ‹éš›æœ‰é™å…¬å¸,eaton9288@gmail.com,None,âœ…å®¢æœé›»è©±ï¼š02-77163332
https://gbf.tw/ec8fq,âœ…æ¨‚å˜¿æœ‰é™å…¬å¸ï¼ˆHey Kiddo Taiwan ï¼‰,heykiddotw@gmail.com,None,None
https://p3.groupbuyforms.tw/so0nz,âœ…æ¨‚å˜¿æ•™è‚²æœ‰é™å…¬å¸ï¼ˆHey Kiddo Taiwan ï¼‰,heykiddotw@gmail.com,None,None
https://gbf.tw/t2q01,âœ¿å…¬å¸åç¨±:å¯æ˜“å®¶é›»æœ‰é™å…¬å¸,None,LINE@æ–¹å¼è¯ç¹«),None
https://p2.groupbuyforms.tw/qe3iv,ğŸ’å…¬å¸åç¨±ï¼šé’ç¾½åœ‹éš›äº‹æ¥­æœ‰é™å…¬å¸,aoba.pets@gmail.com,None,ğŸ’å®¢æœå°ˆç·š :Â (04)2560-8001
https://gbf.tw/k8bbd,ğŸ’™ å…¬å¸åç¨±ï¼šæ¾ç«¹åœ’é¤é£²è‚¡ä»½æœ‰é™å…¬å¸,28616261@sungchu.com.tw,LINEå¸³è™Ÿï¼š@sungchuÂ (è¨˜å¾—åŠ @æ‰æœå¾—åˆ°å–”),None
https://gbf.tw/nqux1,None,miffy9420@gmail.com,Lineï¼š@arw3840d (å¸³è™Ÿæœ‰å«@),å®¢æœé›»è©±ï¼š0800-365-588
https://gbf.tw/cexr8,ä¸‰æ‚…ä¼æ¥­æœ‰é™å…¬å¸,None,None,ä¸Šç­æ—¥AM9-PM5è«‹ç›´æ¥ä¾†é›»å®¢æœ (06-2933222)
https://g5arir.1shop.tw/iaetyi,å¤§ä¾‘è²¿æ˜“æœ‰é™å…¬å¸ / 84128001,None,None,None
https://gbf.tw/sqakt,None,wowydq@gmail.com,LINE ID:@wow-shop,None
https://gbf.tw/ns2s4,å…¬å¸åç¨± :Â é‰…è±åœ‹éš›,50dessertservice@gmail.com,None,None
https://gbf.tw/gwgug,None,topo.ivy@gmail.com,None,â— å®¢æœé›»è©±ï¼š02-26368595
https://gbf.tw/l7fro,None,service@osharemommy.com.tw,None,é›»è©±ï¼š02-25592733Â (ä¸Šç­æ™‚é–“ç‚ºé€±ä¸€~é€±äº” 9:30~18:00)
https://gbf.tw/ocgyo,å…¬å¸åç¨±:é›†å®‡è¡ŒéŠ·æœ‰é™å…¬å¸,servicejiyu@gmail.com,Line ID:@855vpanz,é›»è©±ï¼š0912988995Â (ä¸Šç­æ™‚é–“ç‚ºé€±ä¸€~é€±äº”10:00~17:00)Â (åœ‹å®šå‡æ—¥æš«åœå®¢æœ)
https://gbf.tw/oboqt,å…¬å¸åç¨±ï¼šå¤§ä¾‘è²¿æ˜“æœ‰é™å…¬å¸,livia-huang@diet-u.com.tw,Line:@qmy3237z,é›»è©±ï¼š02-2775-1780#59
https://gbf.tw/4j3ky,å…¬å¸åç¨±ï¼šå°ç£ç¸½ä»£ç† æ†éš†è¡Œ,it1.wds@gmail.com,None,å®¢æœå°ˆç·šï¼š0800-251-209
https://gbf.tw/m3rii,å…¬å¸åç¨±ï¼šå¹¼åº·åœ‹éš›è‚¡ä»½æœ‰é™å…¬å¸,yourhealthfood2021@gmail.com,None,é›»è©±ï¼š02-77231132Â #308
https://gbf.tw/ayvmk,å…¬å¸åç¨±ï¼šæ°¸æ£®æŠ•è³‡è‚¡ä»½æœ‰é™å…¬å¸,service@foreverfunin.com,None,é›»è©±ï¼š(02) 2391-1371
https://gbf.tw/zajex,None,None,None,None
https://p3.groupbuyforms.tw/hhems,å…¬å¸åç¨±ï¼šæœ‰å¿ƒè‚‰èˆ–å­,service@withheart.com.tw,None,é›»è©±ï¼š04-22139276 #607
https://p4.groupbuyforms.tw/ds3yi,å…¬å¸åç¨±ï¼šæœ‰ç”„åœ‹éš›æœ‰é™å…¬å¸,zen.service123@gmail.com,None,å®¢æœé›»è©±ï¼š02-77516037
https://gbf.tw/fucbc,å…¬å¸åç¨±ï¼šæ²›æ´¥åœ‹éš›ä¼æ¥­æœ‰é™å…¬å¸,customerservice@heimaliving.com,Line IDï¼š@heimaliving,å®¢æœé›»è©±ï¼š0976268785
https://gbf.tw/lzn9t,å…¬å¸åç¨±ï¼šå’Œç››ä¼æ¥­æœ‰é™å…¬å¸,None,LINEå®¢æœIDï¼š@unclebubble,é›»è©±ï¼š886-2-29173662
https://gbf.tw/nvi7z,å…¬å¸åç¨±ï¼šæ³•å‡¡åœ‹éš›è‚¡ä»½æœ‰é™å…¬å¸,service@lereveparis.com,None,å®¢æœé›»è©±ï¼š02-25452177Â ï¼ˆå‘¨ä¸€è‡³å‘¨äº” 09:30-18:00ï¼‰
https://gbf.tw/ql6xs,å…¬å¸åç¨±ï¼šèŠ³æ˜Œé¤…èˆ–,None,None,é›»è©±ï¼š06-2321060
https://gbf.tw/3hsdi,None,od01@greatshop.com.tw,LINE IDï¼š@greatliving,å®¢æœå°ˆç·šï¼š02-22672618 #14Â (ä¸Šç­æ™‚é–“ç‚ºé€±ä¸€~é€±äº” 9:30~18:00)
https://gbf.tw/xc2uk,å…¬å¸åç¨±ï¼šåº·é‰…åœ‹éš›æœ‰é™å…¬å¸,rowanataiwan@gmail.com,Line@ï¼š@rowana,é›»è©±ï¼š07-6520231#9
https://gbf.tw/dh4qf,å…¬å¸åç¨±ï¼šè«æ€è¨­è¨ˆå·¥ä½œå®¤,None,LINE ID: @zawa,None
https://gbf.tw/uha0j,å…¬å¸åç¨±ï¼šå‚‘è¯è²¿æ˜“æœ‰é™å…¬å¸(54510162),info@jielien.com.tw,Lineï¼š@jielien,å®¢æœé›»è©±ï¼š03 358 9598
https://gbf.tw/uivwy,å…¬å¸åç¨±ï¼šåšè¥¿å®¶é›»,service@osharemommy.com.tw,LINEå¸³è™Ÿ@070mfrawÂ Â ï¼Œæå‡º90å¤©ä¸æ·¨å‰‡é€€ç”³è«‹ä¸¦æä¾›ç›¸é—œè³‡æ–™ã€‚,å®¢æœå°ˆç·šï¼š0800-368-888Â (æœå‹™æ™‚é–“ï¼šé€±ä¸€è‡³é€±äº” 8:30~18:30ï¼›é€±å…­ 09:00~13:00ï¼›ä¾‹å‡æ—¥åŠé€£çºŒå‡æ—¥æš«åœæœå‹™)
https://gbf.tw/65ttx,å…¬å¸åç¨±ï¼šè© å‹è¡ŒéŠ·è‚¡ä»½æœ‰é™å…¬å¸,ownlife.tw@gmail.com.tw,Lineï¼š@tfs5118z,é›»è©±ï¼š0921-889459
https://gbf.tw/zdecs,å…¬å¸åç¨±:é›†å®‡è¡ŒéŠ·æœ‰é™å…¬å¸,servicejiyu@gmail.com,Line ID:@855vpanz,é›»è©±ï¼š0912988995Â (ä¸Šç­æ™‚é–“ç‚ºé€±ä¸€~é€±äº”10:00~17:00)Â (åœ‹å®šå‡æ—¥æš«åœå®¢æœ)
